{
	"type": "minecraft:jigsaw",
	"biomes": "#imst:has_structure/mine/warped_mine",
	"step": "surface_structures",
	"spawn_overrides": {
		"monster": {
			"bounding_box": "piece",
			"spawns": []
		}
	},
	"terrain_adaptation": "beard_box",
	"start_pool": "imst:mine/warped/start",
	"size": 7,
	"start_height": {
		"type":"minecraft:biased_to_bottom",
		"min_inclusive": {
			"absolute": 33
		},
		"max_inclusive": {
			"absolute": 64
		}
	},
	"max_distance_from_center": 80,
	"use_expansion_hack": false
}
