{
	"processors": [
		{
			"processor_type": "minecraft:rule",
			"rules": [
				{
					"location_predicate": {
						"predicate_type": "minecraft:always_true"
					},
					"input_predicate": {
						"predicate_type": "minecraft:random_block_match",
						"block": "minecraft:netherrack",
						"probability": 0.25
					},
					"output_state": {
						"Name": "minecraft:nether_gold_ore"
					}
				},
				{
					"location_predicate": {
						"predicate_type": "minecraft:always_true"
					},
					"input_predicate": {
						"predicate_type": "minecraft:random_block_match",
						"block": "minecraft:netherrack",
						"probability": 0.1
					},
					"output_state": {
						"Name": "minecraft:nether_quartz_ore"
					}
				},
				{
					"location_predicate": {
						"predicate_type": "minecraft:always_true"
					},
					"input_predicate": {
						"predicate_type": "minecraft:random_block_match",
						"block": "minecraft:netherrack",
						"probability": 0.05
					},
					"output_state": {
						"Name": "minecraft:ancient_debris"
					}
				}
			]
		}
	]
}
